﻿"Title","Descripcion","Categoria","Prioridad","Ubicacion","Foto","Estado","Creado","CreadoPor","AsignadoAID","ComentariosTecnico","FechaResolucion"
"Wi-Fi intermitente","En la sala “Reuniones 1” el Wi-Fi se desconecta cada pocos minutos. Ocurre en varios portátiles.","WiFi","Alta","Sala de Reuniones",,"Asignada","15/02/2026 19:27","1","2",,
"Proyector no detecta HDMI","El proyector en la oficina central enciende, pero no detecta señal por HDMI ni con adaptador.","Electricidad","Baja","Oficina",,"Nueva","15/02/2026 19:29","7",,,
"PC no enciende (torre)","El equipo de recepción no arranca. No se encienden luces ni ventiladores.","PC/Portátil","Baja","Recepción",,"Nueva","15/02/2026 19:30","3",,,
"Impresora atascada / error de papel","La impresora del almacén muestra atasco de papel aunque no hay papel visible en bandejas.","Impresora","Baja","Almacen",,"Nueva","15/02/2026 19:31","4",,,
"Sin acceso a carpeta compartida","Al abrir la carpeta de “Ventas” aparece “Acceso denegado”. Ayer funcionaba.","Software/Aplicación","Media","Oficina",,"En Proceso","15/02/2026 19:32","7",,,
"Teams sin audio en llamadas","En Teams se escucha, pero el micrófono no funciona. Probado con auriculares y sin.","Software/Aplicación","Alta","Oficina",,"Nueva","15/02/2026 19:36","5",,,
"Pantalla en negro al iniciar sesión","Tras introducir credenciales, la pantalla se queda en negro con el cursor visible.","Software/Aplicación","Critica","Recepción",,"Nueva","15/02/2026 19:38","6",,,
"Correo no sincroniza en Outlook","Outlook se queda “Conectando…” y no descarga correos nuevos. Webmail sí funciona.","Software/Aplicación","Alta","Oficina",,"Nueva","15/02/2026 19:39","7",,,
"Teclado y ratón no responden (USB)","En un PC de oficina, teclado y ratón dejan de funcionar. Cambiando de puerto no mejora.","PC/Portátil","Media","Oficina",,"En Proceso","15/02/2026 19:40","1","2",,
"Lector de códigos no lee","En almacén, el escáner emite luz pero no registra lecturas. Reinicio no soluciona","Otros","Critica","Almacen",,"Resuelta","15/02/2026 19:41","1","3","No funcionaba por mala conexion interna del Lector
","15/02/2026 20:10"
"Acceso VPN falla","La VPN pide usuario/contraseña, pero devuelve “No se puede establecer conexión”.","Otros","Alta","Oficina",,"Nueva","15/02/2026 19:42","1",,,
"Pantalla parpadea (monitor)","Monitor de puesto 7 parpadea y baja brillo. Con otro cable sigue igual.","PC/Portátil","Media","Sala de Reuniones",,"Nueva","15/02/2026 19:43","1",,,
"Aplicación interna no carga","La app web de inventario se queda en “Cargando” en Chrome. En móvil sí abre.","Software/Aplicación","Critica","Almacen",,"Resuelta","15/02/2026 19:44","7",,"Se ha restablecido la aplicación, vuelva a acceder con sus credenciales ","15/02/2026 23:20"
"Pantalla portátil parpadea intermitentemente","Desde esta mañana, la pantalla del portátil asignado (ID: LAT5490-087) parpadea cada 5-10 segundos con tonos azulados","PC/Portátil","Alta","Oficina",,"Resuelta","15/02/2026 20:34","1","1","Fallaba por software interno del Portatil","15/02/2026 20:41"
