﻿"ID","Title","Email","Departamento","Rol","Telefono","Activo"
"1","Jordi Gallardo Sánchez","jordi.gallardo@onizea.com","Tecnico","Tecnico",,"Verdadero"
"2","María López García","maria.lopez@gmail.com","IT","Usuario",,"Verdadero"
"3","Carlos Méndez Ruiz","carlos.mendez@gmail.com","RRHH","Usuario",,"Verdadero"
"4","Ana Rodríguez Pérez","ana.rodriguez@gmail.com","Finanzas","Administrador",,"Verdadero"
"5","Luis Fernández Gómez","luis.fernandez@gmail.com","Tecnico","Tecnico",,"Verdadero"
"6","Sofía Martínez Díaz","sofia.martinez@gmail.com","Ventas","Usuario",,"Verdadero"
"7","Ariadna Llanos Buritica","ariadna.llanos@onizea.com","Tecnico","Tecnico",,"Verdadero"
"8","Pablo Gómez Torres","pablo.gomez@gmail.com","IT","Usuario",,"Verdadero"
"9","Elena Sánchez Moreno","elena.sanchez@gmail.com","Finanzas","Usuario",,"Verdadero"
"10","Roberto Díaz López","roberto.diaz@gmail.com","Ventas","Usuario",,"Verdadero"
"11","Laura Torres Navarro","laura.torres@gmail.com","RRHH","Usuario",,"Verdadero"
"12","Miguel Ángel Ruiz","miguel.angel@gmail.com","IT","Usuario",,"Verdadero"
"13","Carmen Vega","carmen.vega@gmail.com","RRHH","Usuario",,"Verdadero"
