﻿"Título","Descripción","Prioridad","Estado","AsignadoID","Departamento","FechaLimite","Creado por","Modificado por"
"Migrar servidor a la nube","Planificar y ejecutar migración del servidor principal a Azure","Crítica","Completada","6","IT","06/02/2026","Jordi Gallardo Sánchez","Jordi Gallardo Sánchez"
"Actualizar CRM ventas","Implementar nuevas funcionalidades en Salesforce para el equipo comercial","Alta","En progreso","2,","Ventas","06/02/2026","Jordi Gallardo Sánchez","Jordi Gallardo Sánchez"
"Onboarding nuevo empleado","Proceso de incorporación para el nuevo desarrollador frontend","Alta","Completada","1","RRHH","05/02/2026","Jordi Gallardo Sánchez","Jordi Gallardo Sánchez"
"Campaña redes sociales Q1","Diseñar y publicar contenido para Instagram y LinkedIn durante enero","Baja","Pendiente","6","Marketing","09/02/2026","Jordi Gallardo Sánchez","Jordi Gallardo Sánchez"
"Cierre contable mensual","Revisar y aprobar estados financieros del mes anterior","Alta","Pendiente","5","Finanzas","09/02/2026","Jordi Gallardo Sánchez","Jordi Gallardo Sánchez"
"Presupuesto marketing 2026","Elaborar propuesta de inversión para campañas del próximo año","Media","Pendiente","4","Marketing","19/02/2026","Jordi Gallardo Sánchez","Jordi Gallardo Sánchez"
"Entrevista candidato senior","Realizar entrevista técnica para puesto de arquitecto de software","Alta","Completada","3","RRHH","06/02/2026","Jordi Gallardo Sánchez","Jordi Gallardo Sánchez"
"Migración de datos al nuevo CRM Salesforce","Migrar contactos y oportunidades de SAP a Salesforce. Validar integridad de datos con el equipo de ventas.","Media","Pendiente","1,","IT","13/02/2026","Jordi Gallardo Sánchez","Jordi Gallardo Sánchez"
