﻿"ID","NombreCompleto","Email","Departamento","Rol"
"1","Carlos Méndez","carlos.mendez@empresa.com","IT","Administrador"
"2","Laura Torres","laura.torres@empresa.com","Ventas","Usuario"
"3","Javier Ruiz","javier.ruiz@empresa.com","RRHH","Administrador"
"4","Sofía López","sofia.lopez@empresa.com","Marketing","Usuario"
"5","Miguel Ángel","miguel.angel@empresa.com","Finanzas","Administrador"
"6","Jordi Gallardo","jordi.gallardo@onizea.com","Marketing","ResponsableDpt"
"7","Ariadna Llanos","ariadna.llanos@onizea.com","Ventas","Usuario"
